,chemical,name,molecular_weight,SMILES_string
81,CID000000085,carnitine,162.20684,C[N+](C)(C)CC(CC(=O)O)O
113,CID000000119,gamma-aminobutyric acid (GABA,103.11976,C(CC(=O)O)CN
137,CID000000143,leucovorin,473.43932,C1C(N(C2=C(N1)NC(=NC2=O)N)C=O)CNC3=CC=C(C=C3)C(=O)NC(CCC(=O)O)C(=O)O
150,CID000000158,8-iso-prostaglandin E2,352.46508,CCCCCC(C=CC1C(CC(=O)C1CC=CCCCC(=O)O)O)O
151,CID000000159,AC1O5HI7,352.46508,CCCCCC(C=CC1C(CC2C1CC(=CCCCC(=O)O)O2)O)O
181,CID000000191,arabinosyladenine,267.24132,C1=NC2=C(C(=N1)N)N=CN2C3C(C(C(O3)CO)O)O
196,CID000000206,dextrose,180.15588,C(C1C(C(C(C(O1)O)O)O)O)O
204,CID000000214,prink,354.48096,CCCCCC(C=CC1C(CC(=O)C1CCCCCCC(=O)O)O)O
255,CID000000271,calcium ions,40.078,[Ca+2]
277,CID000000298,chloramphenicole,323.12938,C1=CC(=CC=C1C(C(CO)NC(=O)C(Cl)Cl)O)[N+](=O)[O-]
415,CID000000444,bupropion,239.74112,CC(C(=O)C1=CC(=CC=C1)Cl)NC(C)(C)C
421,CID000000450,estropause,272.38196,CC12CCC3C(C1CCC2O)CCC4=C3C=CC(=C4)O
424,CID000000453,hexitol,182.17176,C(C(C(C(C(CO)O)O)O)O)O
526,CID000000564,EACA,131.17292,C(CCC(=O)O)CCN
537,CID000000581,2-acetylamino-3-mercaptopropionic acid,163.19486,CC(=O)NC(CS)C(=O)O
551,CID000000596,Cytosar-U,243.21662,C1=CN(C(=O)N=C1N)C2C(C(C(O2)CO)O)O
553,CID000000598,mesna,142.19724,C(CS(=O)(=O)O)S
721,CID000000772,heparin,1134.92788,CC(=O)NC1C(C(C(OC1O)COS(=O)(=O)O)OC2C(C(C(C(O2)C(=O)O)OC3C(C(C(C(O3)CO)OC4C(C(C(C(O4)C(=O)O)O)O)OS(=O)(=O)O)OS(=O)(=O)O)NS(=O)(=O)O)O)OS(=O)(=O)O)O
761,CID000000815,kanamycin sulphate,484.49864,C1C(C(C(C(C1N)OC2C(C(C(C(O2)CN)O)O)O)O)OC3C(C(C(C(O3)CO)O)N)O)N
783,CID000000838,epinephrine solution,183.20442,CNCC(C1=CC(=C(C=C1)O)O)O
798,CID000000853,thyroxine (T4,776.87002,C1=C(C=C(C(=C1I)OC2=CC(=C(C(=C2)I)O)I)I)CC(C(=O)O)N
806,CID000000861,D-triiodothyronine,650.97349,C1=CC(=C(C=C1OC2=C(C=C(C=C2I)CC(C(=O)O)N)I)I)O
874,CID000000937,niacin,122.10146,C1=CC(=CN=C1)C(=O)[O-]
878,CID000000942,Nicorette,162.23156,CN1CCCC1C2=CN=CC=C2
973,CID000001046,pyrazinamide,123.1127,C1=CN=C(C=N1)C(=O)N
990,CID000001065,Cinquin,324.41676,COC1=CC2=C(C=CN=C2C=C1)C(C3CC4CCN3CC4C=C)O
996,CID000001071,all-trans-retinol,286.4516,CC1=C(C(CCC1)(C)C)C=CC(=CC=CC(=CCO)C)C
1037,CID000001117,sulphate,96.0626,[O-]S(=O)(=O)[O-]
1053,CID000001134,thymidine (3H,242.22856,CC1=CN(C(=O)NC1=O)C2CC(C(O2)CO)O
1120,CID000001206,MAMP,149.2328,CC(CC1=CC=CC=C1)NC
1432,CID000001546,NSC105014,285.68698,C1C(C(OC1N2C=NC3=C2N=C(N=C3N)Cl)CO)O
1557,CID000001690,4-epidoxorubicin,544.5272,CC1C(C(CC(O1)OC2CC(CC3=C(C4=C(C(=C23)O)C(=O)C5=C(C4=O)C=CC=C5OC)O)(C(=O)CO)O)[NH3+])O
1635,CID000001775,phenytoin,252.26798,C1=CC=C(C=C1)C2(C(=O)NC(=O)N2)C3=CC=CC=C3
1810,CID000001971,(+/-)-Abacavir,286.33232,C1CC1NC2=NC(=NC3=C2N=CN3C4CC(C=C4)CO)N
1811,CID000001972,amphotericin B solution,924.07902,CC1C=CC=CC=CC=CC=CC=CC=CC(CC2C(C(CC(O2)(CC(CC(C(CCC(CC(CC(=O)OC(C(C1O)C)C)O)O)O)O)O)O)O)C(=O)O)OC3C(C(C(C(O3)C)O)N)O
1816,CID000001978,acebutolol,336.42592,CCCC(=O)NC1=CC(=C(C=C1)OCC(CNC(C)C)O)C(=O)C
1821,CID000001983,paracetamol,151.16256,CC(=O)NC1=CC=C(C=C1)O
1824,CID000001986,acetazolamide,222.24544,CC(=O)NC1=NN=C(S1)S(=O)(=O)N
1856,CID000002019,actinomycin D,1255.41704,CC1C(C(=O)NC(C(=O)N2CCCC2C(=O)N(CC(=O)N(C(C(=O)O1)C(C)C)C)C)C(C)C)NC(=O)C3=C4C(=C(C=C3)C)OC5=C(C(=O)C(=C(C5=N4)C(=O)NC6C(OC(=O)C(N(C(=O)CN(C(=O)C7CCCN7C(=O)C(NC6=O)C(C)C)C)C)C(C)C)C)N)C
1859,CID000002022,acyclovir,225.20464,C1=NC2=C(N1COCCO)NC(=NC2=O)N
1913,CID000002083,salbutamol,239.31074,CC(C)(C)NCC(C1=CC(=C(C=C1)O)CO)O
1918,CID000002088,alendronate,249.096044,C(CC(O)(P(=O)(O)O)P(=O)(O)O)CN
1922,CID000002092,alfuzosin,389.44878,CN(CCCNC(=O)C1CCCO1)C2=NC3=CC(=C(C=C3C(=N2)N)OC)OC
1929,CID000002099,alosetron,294.35102,CC1=C(N=CN1)CN2CCC3=C(C2=O)C4=CC=CC=C4N3C
1947,CID000002118,alprazolam,308.76492,CC1=NN=C2N1C3=C(C=C(C=C3)Cl)C(=NC2)C4=CC=CC=C4
1957,CID000002130,amantadine,151.24868,C1C2CC3CC1CC(C2)(C3)N
1968,CID000002141,amifostine,214.222962,C(CN)CNCCSP(=O)(O)O
1969,CID000002142,selemycin,585.60252,C1C(C(C(C(C1NC(=O)C(CCN)O)OC2C(C(C(C(O2)CO)O)N)O)O)OC3C(C(C(C(O3)CN)O)O)O)N
1980,CID000002153,theophylline,180.16402,CN1C2=C(C(=O)N(C1=O)C)NC=N2
1983,CID000002156,amiodarone,646.31954,CCCCC1=C(C2=CC=CC=C2O1)C(=O)C3=CC(=C(C(=C3)I)OCC[NH+](CC)CC)I
1986,CID000002160,amitriptyline,277.40332,CN(C)CCC=C1C2=CC=CC=C2CCC3=CC=CC=C31
1988,CID000002162,amlodipine,408.8759,CCOC(=O)C1=C(NC(=C(C1C2=CC=CC=C2Cl)C(=O)OC)C)COCCN
1995,CID000002170,amoxapine,313.78144,C1CN(CCN1)C2=NC3=CC=CC=C3OC4=C2C=C(C=C4)Cl
1996,CID000002171,sodium amoxicillin,365.40416,CC1(C(N2C(S1)C(C2=O)NC(=O)C(C3=CC=C(C=C3)O)N)C(=O)O)C
1998,CID000002173,sodium ampicillin,348.39682,CC1(C(N2C(S1)C(C2=O)NC(=O)C(C3=CC=CC=C3)N)C(=O)[O-])C
2001,CID000002177,AC1L1D3F,505.6269,CC(C)CN(CC(C(CC1=CC=CC=C1)NC(=O)OC2CCOC2)O)S(=O)(=O)C3=CC=C(C=C3)N
2006,CID000002182,anagrelide,256.08808,C1C2=C(C=CC(=C2Cl)Cl)NC3=NC(=O)CN31
2011,CID000002187,anastrozole,293.36626,CC(C)(C#N)C1=CC(=CC(=C1)CN2C=NC=N2)C(C)(C)C#N
2036,CID000002215,"10,11-dihydroxyaporphine",267.32238,CN1CCC2=CC=CC3=C2C1CC4=C3C(=C(C=C4)O)O
2051,CID000002232,AC1Q5QXC,508.63414,CC1CCN(C(C1)C(=O)O)C(=O)C(CCCN=C(N)N)NS(=O)(=O)C2=CC=CC3=C2NCC(C3)C
2062,CID000002244,aspirin,180.15742,CC(=O)OC1=CC=CC=C1C(=O)O
2067,CID000002249,atenolol,266.33608,CC(C)NCC(COC1=CC=C(C=C1)CC(=O)N)O
2068,CID000002250,AC1L1D9C,558.639803,CC(C)C1=C(C(=C(N1CCC(CC(CC(=O)O)O)O)C2=CC=C(C=C2)F)C3=CC=CC=C3)C(=O)NC4=CC=CC=C4
2078,CID000002265,azathioprine,277.26258,CN1C=NC(=C1SC2=NC=NC3=C2NC=N3)[N+](=O)[O-]
2080,CID000002267,azelastine,381.89846,CN1CCCC(CC1)N2C(=O)C3=CC=CC=C3C(=N2)CC4=CC=C(C=C4)Cl
2082,CID000002269,zithromycin,748.98448,CCC1C(C(C(N(CC(CC(C(C(C(C(C(=O)O1)C)OC2CC(C(C(O2)C)O)(C)OC)C)OC3C(C(CC(O3)C)N(C)C)O)(C)O)C)C)C)O)(C)O
2086,CID000002274,azthreonam,435.43278,CC1C(C(=O)N1S(=O)(=O)O)NC(=O)C(=NOC(C)(C)C(=O)O)C2=CSC(=N2)N
2094,CID000002283,AC1Q6GKY,1422.69332,CCC(C)C1C(=O)NC(C(=O)NC(C(=O)NC(C(=O)NC(C(=O)NC(C(=O)NC(C(=O)N1)CCCN)CCCCNC(=O)C(C(C)CC)NC(=O)C(CCC(=O)O)NC(=O)C(CC(C)C)NC(=O)C2CSC(=N2)C(C(C)CC)N)CC(=O)N)CC(=O)O)CC3=CN=CN3)CC4=CC=CC=C4
2095,CID000002284,baclofen,213.66078,C1=CC(=CC=C1C(CC(=O)O)CN)Cl
2116,CID000002308,AC1O7G0A,408.91566,CC1CC2C3CCC4=CC(=O)C=CC4(C3(C(CC2(C1(C(=O)CO)O)C)O)Cl)C
2119,CID000002311,benazepril hydrochloride,424.48952,CCOC(=O)C(CCC1=CC=CC=C1)NC2CCC3=CC=CC=C3N(C2=O)CC(=O)O
2157,CID000002349,penicillin,334.39012,CC1(C(N2C(S1)C(C2=O)NC(=O)CC3=CC=CC=C3)C(=O)O)C
2176,CID000002369,betaxolol,307.42776,CC(C)NCC(COC1=CC=C(C=C1)CCOCC2CC2)O
2177,CID000002370,bethanechol,161.22208,CC(C[N+](C)(C)C)OC(=O)N
2181,CID000002375,bicalutamide,430.373373,CC(CS(=O)(=O)C1=CC=C(C=C1)F)(C(=O)NC2=CC(=C(C=C2)C#N)C(F)(F)F)O
2206,CID000002405,bisoprolol,325.44304,CC(C)NCC(COC1=CC=C(C=C1)COCCOC(C)C)O
2234,CID000002435,brimonidine,292.1346,C1CN=C(N1)NC2=C(C3=NC=CN=C3C=C2)Br
2259,CID000002462,Turbuhaler,430.53386,CCCC1OC2CC3C4CCC5=CC(=O)C=CC5(C4C(CC3(C2(O1)C(=O)CO)C)O)C
2267,CID000002471,bumetanide,364.4161,CCCCNC1=C(C(=CC(=C1)C(=O)O)S(=O)(=O)N)OC2=CC=CC=C2
2270,CID000002474,bupivacaine,288.42772,CCCCN1CCCCC1C(=O)NC2=C(C=CC=C2C)C
2272,CID000002476,buprenorphine hydrochloride solution,467.64014,CC(C)(C)C(C)(C1CC23CCC1(C4C25CCN(C3CC6=C5C(=C(C=C6)O)O4)CC7CC7)OC)O
2273,CID000002477,buspirone,385.50314,C1CCC2(C1)CC(=O)N(C(=O)C2)CCCCN3CCN(CC3)C4=NC=CC=N4
2274,CID000002478,busulfan,246.30176,CS(=O)(=O)OCCCCOS(=O)(=O)C
2283,CID000002487,AC1L1DSH,327.46046,C1CCC2(C3CC4=C(C2(C1)CCN3CC5CCC5)C=C(C=C4)O)O
2303,CID000002512,Cabergoline-d5,451.60428,CCNC(=O)N(CCCN(C)C)C(=O)C1CC2C(CC3=CNC4=CC=CC2=C34)N(C1)CC=C
2310,CID000002519,caffeine,194.1906,CN1C=NC2=C1C(=O)N(C(=O)N2C)C
2311,CID000002520,verapamil,454.60162,CC(C)C(CCCN(C)CCC1=CC(=C(C=C1)OC)OC)(C#N)C2=CC(=C(C=C2)OC)OC
2313,CID000002522,Divonex,412.6047,CC(C=CC(C1CC1)O)C2CCC3C2(CCCC3=CC=C4CC(CC(C4=C)O)O)C
2315,CID000002524,"1,25-dihydroxyvitamin D3",416.63646,CC(CCCC(C)(C)O)C1CCC2C1(CCCC2=CC=C3CC(CC(C3=C)O)O)C
2330,CID000002541,candesartan,440.454,CCOC1=NC2=CC=CC(=C2N1CC3=CC=C(C=C3)C4=CC=CC=C4C5=NNN=N5)C(=O)O
2338,CID000002550,(-)-Captopril,217.2853,CC(CS)C(=O)N1CCCC1C(=O)O
2339,CID000002551,carbachol,147.1955,C[N+](C)(C)CCOC(=O)N
2342,CID000002554,carbamazepine,236.26858,C1=CC=C2C(=C1)C=CC3=CC=CC=C3N2C(=O)N
2361,CID000002576,carisoprodol,260.32996,CCCC(C)(COC(=O)N)COC(=O)NC(C)C
2363,CID000002578,BCNU,214.04986,C(CCl)NC(=O)N(CCCl)N=O
2370,CID000002585,carvedilol,406.47424,COC1=CC=CC=C1OCCNCC(COC2=CC=CC3=C2C4=CC=CC=C4N3)O
2393,CID000002609,alfacet,367.80736,C1C(=C(N2C(S1)C(C2=O)NC(=O)C(C3=CC=CC=C3)N)C(=O)O)Cl
2394,CID000002610,cephadroxil,363.38828,CC1=C(N2C(C(C2=O)NC(=O)C(C3=CC=C(C=C3)O)N)SC1)C(=O)O
2400,CID000002617,sodium cefazolin,453.49922,CC1=NN=C(S1)SCC2=C(N3C(C(C3=O)NC(=O)CN4C=NN=N4)SC2)C(=O)[O-]
2403,CID000002622,AC1L1E3B,480.56106,C[N+]1(CCCC1)CC2=C(N3C(C(C3=O)NC(=O)C(=NOC)C4=CSC(=N4)N)SC2)C(=O)[O-]
2409,CID000002631,AC1O7G8N,454.45754,CC(=O)OCC1=C(N2C(C(C2=O)NC(=O)C(=NOC)C3=CSC(=N3)N)SC1)C(=O)[O-]
2414,CID000002637,cefoxitin sodium,426.44414,COC1(C2N(C1=O)C(=C(CS2)COC(=O)N)C(=O)[O-])NC(=O)CC3=CC=CS3
2421,CID000002646,AC1L1E58,389.42556,CC=CC1=C(N2C(C(C2=O)NC(=O)C(C3=CC=C(C=C3)O)N)SC1)C(=O)O
2424,CID000002650,C2225,546.57608,CC(C)(C(=O)O)ON=C(C1=CSC(=N1)N)C(=O)NC2C3N(C2=O)C(=C(CS3)C[N+]4=CC=CC=C4)C(=O)[O-]
2429,CID000002656,AC1L1E65,552.56404,CN1C(=NC(=O)C(=N1)[O-])SCC2=C(N3C(C(C3=O)NC(=O)C(=NOC)C4=CSC(=N4)N)SC2)C(=O)[O-]
2430,CID000002658,Oraxim,423.3773,CON=C(C1=CC=CO1)C(=O)NC2C3N(C2=O)C(=C(CS3)COC(=O)N)C(=O)[O-]
2433,CID000002662,celecoxib,381.37217,CC1=CC=C(C=C1)C2=CC(=NN2C3=CC=C(C=C3)S(=O)(=O)N)C(F)(F)F
2436,CID000002666,AC1L1E6T,347.38888,CC1=C(N2C(C(C2=O)NC(=O)C(C3=CC=CC=C3)N)SC1)C(=O)O
2440,CID000002673,AC1L1E7E,349.40476,CC1=C(N2C(C(C2=O)NC(=O)C(C3=CCC=CC3)N)SC1)C(=O)O
2442,CID000002675,AC1L1E7K,453.4496,C=CC1=C(N2C(C(C2=O)NC(=O)C(=NOCC(=O)O)C3=CSC(=N3)N)SC1)C(=O)O
2443,CID000002676,AC1L1E7N,459.550263,CC(C)C1=C(C(=C(C(=N1)C(C)C)C=CC(CC(CC(=O)O)O)O)C2=CC=C(C=C2)F)COC
2445,CID000002678,cetirizine,388.8878,C1CN(CCN1CCOCC(=O)O)C(C2=CC=CC=C2)C3=CC=C(C=C3)Cl
2474,CID000002708,chlorambucil,304.21216,C1=CC(=CC=C1CCCC(=O)O)N(CCCl)CCCl
2478,CID000002712,chlordiazepoxide,299.75486,CN=C1CN(C(=C2C=C(C=CC2=N1)Cl)C3=CC=CC=C3)O
2479,CID000002713,chlorhexidine (CHX,505.4466,C1=CC(=CC=C1NC(=NC(=NCCCCCCN=C(N)N=C(N)NC2=CC=C(C=C2)Cl)N)N)Cl
2484,CID000002719,chloroquine,319.87214,CCN(CC)CCCC(C)NC1=C2C=CC(=CC2=NC=C1)Cl
2485,CID000002720,thiazide,295.72324,C1=C2C(=CC(=C1Cl)S(=O)(=O)N)S(=O)(=O)N=CN2
2490,CID000002725,chlorpheniramine,274.78846,CN(C)CCC(C1=CC=C(C=C1)Cl)C2=CC=CC=N2
2491,CID000002726,chlorpromazine,318.86416,CN(C)CCCN1C2=CC=CC=C2SC3=C1C=C(C=C3)Cl
2492,CID000002727,chlorpropamide,276.73982,CCCNC(=O)NS(=O)(=O)C1=CC=C(C=C1)Cl
2496,CID000002732,chlorthalidone,338.76614,C1=CC=C2C(=C1)C(=O)NC2(C3=CC(=C(C=C3)Cl)S(=O)(=O)N)O
2497,CID000002733,stealth,169.56516,C1=CC2=C(C=C1Cl)NC(=O)O2
2512,CID000002749,ciclopirox,207.26888,CC1=CC(=O)N(C(=C1)C2CCCCC2)O
2519,CID000002756,cimetidine,252.33924,CC1=C(N=CN1)CSCCNC(=NC)NC#N
2527,CID000002764,ciprofloxacin,331.341523,C1CC1N2C=C(C(=O)C3=CC(=C(C=C32)N4CCNCC4)F)C(=O)O
2533,CID000002771,citalopram,324.391943,CN(C)CCCC1(C2=C(CO1)C=C(C=C2)C#N)C3=CC=C(C=C3)F
2547,CID000002786,clindamycin-2-dihydrogenphosphate,424.98302,CCCC1CC(N(C1)C)C(=O)NC(C2C(C(C(C(O2)SC)O)O)O)C(C)Cl
2561,CID000002800,NSC35770,405.95962,CCN(CC)CCOC1=CC=C(C=C1)C(=C(C2=CC=CC=C2)Cl)C3=CC=CC=C3
2562,CID000002801,clomipramine,314.85232,CN(C)CCCN1C2=CC=CC=C2CCC3=C1C=C(C=C3)Cl
2563,CID000002802,clonazepam,315.7112,C1C(=O)NC2=C(C=C(C=C2)[N+](=O)[O-])C(=N1)C3=CC=CC=C3Cl
2564,CID000002803,clonidine,230.09386,C1CN=C(N1)NC2=C(C=CC=C2Cl)Cl
2567,CID000002806,racemic clopidogrel,321.82174,COC(=O)C(C1=CC=CC=C1Cl)N2CCC3=C(C2)C=CS3
2572,CID000002812,clotrimazole,344.83678,C1=CC=C(C=C1)C(C2=CC=CC=C2)(C3=CC=CC=C3Cl)N4C=CN=C4
2577,CID000002818,clozapine,326.82326,CN1CCN(CC1)C2=C3C=CC=CC3=NC4=C(N2)C=C(C=C4)Cl
2647,CID000002891,methylcob(III)alamin,1356.373117,CC1=CC2=C(C=C1C)N(C=N2)C3C(C(C(O3)CO)OP(=O)(O)OC(C)CNC(=O)CCC4(C(C5C6(C(C(C(=N6)C(=C7C(C(C(=N7)C=C8C(C(C(=N8)C(=C4[N-]5)C)CCC(=O)N)(C)C)CCC(=O)N)(C)CC(=O)N)C)CCC(=O)N)(C)CC(=O)N)C)CC(=O)N)C)O.[C-]#N.[Co+2]
2651,CID000002895,cyclobenzaprine,275.38744,CN(C)CCC=C1C2=CC=CC=C2C=CC3=CC=CC=C31
2663,CID000002907,cyclophosphamide,261.085962,C1CNP(=O)(OC1)N(CCCl)CCCl
2664,CID000002909,cyclophorine,1202.61124,CCC1C(=O)N(CC(=O)N(C(C(=O)NC(C(=O)N(C(C(=O)NC(C(=O)NC(C(=O)N(C(C(=O)N(C(C(=O)N(C(C(=O)N(C(C(=O)N1)C(C(C)CC=CC)O)C)C(C)C)C)CC(C)C)C)CC(C)C)C)C)C)CC(C)C)C)C(C)C)CC(C)C)C)C
2701,CID000002949,Bonzol,337.45528,CC12CCC3C(C1CCC2(C#C)O)CCC4=CC5=C(CC34C)C=NO5
2703,CID000002951,Dantrolene-13C3,313.24506,C1C(=O)N=C(N1N=CC2=CC=C(O2)C3=CC=C(C=C3)[N+](=O)[O-])[O-]
2705,CID000002955,dapsone,248.30088,C1=CC(=CC=C1N)S(=O)(=O)C2=CC=C(C=C2)N
2721,CID000002973,deferoxamine,560.68402,CC(=O)N(CCCCCNC(=O)CCC(=O)N(CCCCCNC(=O)CCC(=O)N(CCCCCN)O)O)O
2725,CID000002978,delta 9-THC,314.4617,CCCCCC1=CC2=C(C3C=C(CCC3C(O2)(C)C)C)C(=C1)O
2740,CID000002995,desipramine,266.38068,CNCCCN1C2=CC=CC=C2CCC3=CC=CC=C31
2748,CID000003003,Surodex,392.461063,CC1CC2C3CCC4=CC(=O)C=CC4(C3(C(CC2(C1(C(=O)CO)O)C)O)F)C
2751,CID000003007,amphetamine,135.20622,CC(CC1=CC=CC=C1)N
2752,CID000003008,racemethorphan,271.3972,CN1CCC23CCCCC2C1CC4=C3C=C(C=C4)OC
2759,CID000003016,diazepam,284.74022,CN1C(=O)CN=C(C2=C1C=CC(=C2)Cl)C3=CC=CC=C3
2773,CID000003032,diclofenac,295.1407,C1=CC=C(C(=C1)CC(=O)[O-])NC2=C(C=CC=C2Cl)Cl
2780,CID000003040,veracillin,469.31844,CC1=C(C(=NO1)C2=C(C=CC=C2Cl)Cl)C(=O)NC3C4N(C3=O)C(C(S4)(C)C)C(=O)[O-]
2781,CID000003042,dicyclomine,309.4867,CCN(CC)CCOC(=O)C1(CCCCC1)C2CCCCC2
2782,CID000003043,"2',3'-dideoxyinosine",236.22728,C1CC(OC1CO)N2C=NC3=C2NC=NC3=O
2797,CID000003059,diflunisal,250.197626,C1=CC(=C(C=C1C2=C(C=C(C=C2)F)F)C(=O)O)O
2800,CID000003062,digitalis glycoside,780.93846,CC1C(C(CC(O1)OC2C(OC(CC2O)OC3C(OC(CC3O)OC4CCC5(C(C4)CCC6C5CC(C7(C6(CCC7C8=CC(=O)OC8)O)C)O)C)C)C)O)O
2804,CID000003066,dihydroergotamin,583.67738,CC1(C(=O)N2C(C(=O)N3CCCC3C2(O1)O)CC4=CC=CC=C4)NC(=O)C5CC6C(CC7=CNC8=CC=CC6=C78)N(C5)C
2812,CID000003075,NSC759576,415.52578,CC(=O)OC1C(SC2=CC=CC=C2N(C1=O)CC[NH+](C)C)C3=CC=C(C=C3)OC
2840,CID000003108,dipyridamole,504.6256,C1CCN(CC1)C2=NC(=NC3=C2N=C(N=C3N4CCCCC4)N(CCO)CCO)N(CCO)CCO
2844,CID000003114,disopyramide,339.47446,CC(C)N(CCC(C1=CC=CC=C1)(C2=CC=CC=N2)C(=O)N)C(C)C
2847,CID000003117,disulfiram,296.5392,CCN(CC)C(=S)SSC(=S)N(CC)CC
2851,CID000003121,valproate,144.21144,CCCC(CCC)C(=O)O
2873,CID000003143,Docetaxel trihydrate,807.87922,CC1=C2C(C(=O)C3(C(CC4C(C3C(C(C2(C)C)(CC1OC(=O)C(C(C5=CC=CC=C5)NC(=O)OC(C)(C)C)O)O)OC(=O)C6=CC=CC=C6)(CO4)OC(=O)C)O)C)O
2878,CID000003148,dolasetron,324.3737,C1C2CC3CC(CC1N3CC2=O)OC(=O)C4=CNC5=CC=CC=C54
2882,CID000003152,donepezil,379.49196,COC1=C(C=C2C(=C1)CC(C2=O)CC3CCN(CC3)CC4=CC=CC=C4)OC
2884,CID000003154,AC1Q6UVC,324.44004,CCNC1CC(S(=O)(=O)C2=C1C=C(S2)S(=O)(=O)N)C
2887,CID000003157,doxazosin,451.4751,COC1=C(C=C2C(=C1)C(=NC(=N2)N3CCN(CC3)C(=O)C4COC5=CC=CC=C5O4)N)OC
2888,CID000003158,Z-doxepin,279.37614,CN(C)CCC=C1C2=CC=CC=C2COC3=CC=CC=C31
2897,CID000003168,droperidol,379.427383,C1CN(CC=C1N2C3=CC=CC=C3NC2=O)CCCC(=O)C4=CC=C(C=C4)F
2923,CID000003198,econazole,381.6835,C1=CC(=CC=C1COC(CN2C=CN=C2)C3=C(C=C(C=C3)Cl)Cl)Cl
2928,CID000003203,L 741211,315.67497,C1CC1C#CC2(C3=C(C=CC(=C3)Cl)NC(=O)O2)C(F)(F)F
2946,CID000003222,Vasotec IV,376.44672,CCOC(=O)C(CCC1=CC=CC=C1)NC(C)C(=O)N2CCCC2C(=O)O
2973,CID000003249,vitamin D2,396.64836,CC(C)C(C)C=CC(C)C1CCC2C1(CCCC2=CC=C3CC(CCC3=C)O)C
2977,CID000003255,erythromycin A,733.92678,CCC1C(C(C(C(=O)C(CC(C(C(C(C(C(=O)O1)C)OC2CC(C(C(O2)C)O)(C)OC)C)OC3C(C(CC(O3)C)N(C)C)O)(C)O)C)C)O)(C)O
2983,CID000003261,estazolam,294.73834,C1C2=NN=CN2C3=C(C=C(C=C3)Cl)C(=N1)C4=CC=CC=C4
3000,CID000003278,ethacrynic acid,303.13798,CCC(=C)C(=O)C1=C(C(=C(C=C1)OCC(=O)O)Cl)Cl
3001,CID000003279,Ethopian,204.30976,CCC(CO)NCCNC(CC)CO
3012,CID000003291,ethosuximide,141.16774,CCC1(CC(=O)NC1=O)C
3026,CID000003305,etidronate,206.028244,CC(O)(P(=O)(O)O)P(=O)(O)O
3029,CID000003308,etodolac,287.35354,CCC1=CC=CC2=C1NC3=C2CCOC3(CC)CC(=O)O
3031,CID000003310,Exitop,588.55658,CC1OCC2C(O1)C(C(C(O2)OC3C4COC(=O)C4C(C5=CC6=C(C=C35)OCO6)C7=CC(=C(C(=C7)OC)O)OC)O)O
3044,CID000003324,famciclovir,321.33176,CC(=O)OCC(CCN1C=NC2=CN=C(N=C21)N)COC(=O)C
3045,CID000003325,famotidin,337.4454,C1=C(N=C(S1)N=C(N)N)CSCCC(=NS(=O)(=O)N)N
3053,CID000003333,felodipine,384.25376,CCOC(=O)C1=C(NC(=C(C1C2=C(C(=CC=C2)Cl)Cl)C(=O)OC)C)C
3059,CID000003339,fenofibrate,360.83134,CC(C)OC(=O)C(C)(C)OC1=CC=C(C=C1)C(=O)C2=CC=C(C=C2)Cl
3064,CID000003345,fentanyl,336.47052,CCC(=O)N(C1CCN(CC1)CCC2=CC=CC=C2)C3=CC=CC=C3
3067,CID000003348,fexofenadine,501.65636,CC(C)(C1=CC=C(C=C1)C(CCCN2CCC(CC2)C(C3=CC=CC=C3)(C4=CC=CC=C4)O)O)C(=O)O
3069,CID000003350,AC1L1FQH,372.54414,CC12CCC3C(C1CCC2C(=O)NC(C)(C)C)CCC4C3(C=CC(=O)N4)C
3074,CID000003355,flecainide,415.350659,C1CCNC(C1)C[NH2+]C(=O)C2=C(C=CC(=C2)OCC(F)(F)F)OCC(F)(F)F
3082,CID000003365,fluconazole,306.270786,C1=CC(=C(C=C1F)F)C(CN2C=NC=N2)(CN3C=NC=N3)O
3084,CID000003367,2-fluoroadenosine,285.231783,C1=NC2=C(N1C3C(C(C(O3)CO)O)O)N=C(N=C2N)F
3089,CID000003372,fluphenazine,437.52155,C1CN(CCN1CCCN2C3=CC=CC=C3SC4=C2C=C(C=C4)C(F)(F)F)CCO
3090,CID000003373,flumazenil,303.288363,CCOC(=O)C1=C2CN(C(=O)C3=C(N2C=N1)C=CC(=C3)F)C
3095,CID000003379,AC1L1FSW,434.497743,CC1(OC2CC3C4CC(C5=CC(=O)C=CC5(C4C(CC3(C2(O1)C(=O)CO)C)O)C)F)C
3098,CID000003382,Topsyne,494.524886,CC(=O)OCC(=O)C12C(CC3C1(CC(C4(C3CC(C5=CC(=O)C=CC54C)F)F)O)C)OC(O2)(C)C
3101,CID000003385,5-fluorouracil,130.077223,C1=C(C(=O)NC(=O)N1)F
3102,CID000003386,fluoxetine,309.32613,CNCCC(C1=CC=CC=C1)OC2=CC=C(C=C2)C(F)(F)F
3109,CID000003393,flurazepam,387.878223,CCN(CC)CCN1C(=O)CN=C(C2=C1C=CC(=C2)Cl)C3=CC=CC=C3F
3110,CID000003394,flurbiprofen,244.260923,CC(C1=CC(=C(C=C1)C2=CC=CC=C2)F)C(=O)O
3113,CID000003397,flutamide,276.21185,CC(C)C(=O)NC1=CC(=C(C=C1)[N+](=O)[O-])C(F)(F)F
3119,CID000003403,fluvastatin (Lescol,411.465943,CC(C)N1C2=CC=CC=C2C(=C1C=CC(CC(CC(=O)O)O)O)C3=CC=C(C=C3)F
3120,CID000003404,SSRI) fluvoxamine,318.33465,COCCCCC(=NOCCN)C1=CC=C(C=C1)C(F)(F)F
3121,CID000003405,folic acid,441.39746,C1=CC(=CC=C1C(=O)NC(CCC(=O)O)C(=O)O)NCC2=CN=C3C(=N2)C(=O)N=C(N3)N
3125,CID000003410,formoterol,344.40486,CC(CC1=CC=C(C=C1)OC)NCC(C2=CC(=C(C=C2)O)NC=O)O
3129,CID000003414,foscarnet,122.981462,C(=O)([O-])P(=O)([O-])[O-]
3133,CID000003419,Acecor,562.654562,CCC(=O)OC(C(C)C)OP(=O)(CCCCC1=CC=CC=C1)CC(=O)N2CC(CC2C(=O)[O-])C3CCCCC3
3151,CID000003440,furosemide,330.74414,C1=COC(=C1)CNC2=CC(=C(C=C2C(=O)O)S(=O)(=O)N)Cl
3157,CID000003446,gabapentin,171.23678,C1CCC(CC1)(CC(=O)O)CN
3160,CID000003449,galanthamine,287.35354,CN1CCC23C=CC(CC2OC4=C(C=CC(=C34)C1)OC)O
3165,CID000003454,ganciclovir,255.23062,C1=NC2=C(N1COC(CO)CO)NC(=NC2=O)N
3172,CID000003461,"2'-deoxy-2',2'-difluorocytidine",263.198146,C1=CN(C(=O)N=C1N)C2C(C(C(O2)CO)O)(F)F
3174,CID000003463,gemfibrozil,250.33338,CC1=CC(=C(C=C1)C)OCCCC(C)(C)C(=O)O
3177,CID000003467,gentamicin,477.59542,CC(C1CCC(C(O1)OC2C(CC(C(C2O)OC3C(C(C(CO3)(C)O)NC)O)N)N)N)NC
3185,CID000003476,glimepiride,490.61556,CCC1=C(CN(C1=O)C(=O)NCCC2=CC=C(C=C2)S(=O)(=O)NC(=O)NC3CCC(CC3)C)C
3187,CID000003478,glipizide,445.53518,CC1=NC=C(N=C1)C(=O)NCCC2=CC=C(C=C2)S(=O)(=O)NC(=O)NC3CCCCC3
3196,CID000003488,glibenclamide,494.00352,COC1=C(C=C(C=C1)Cl)C(=O)NCCC2=CC=C(C=C2)S(=O)(=O)NC(=O)NC3CCCCC3
3201,CID000003494,glycopyrrolate,318.43052,C[N+]1(CCC(C1)OC(=O)C(C2CCCC2)(C3=CC=CC=C3)O)C
3217,CID000003510,granisetron,312.40936,CN1C2CCCC1CC(C2)NC(=O)C3=NN(C4=CC=CC=C43)C
3223,CID000003516,guaifenesin,198.21576,COC1=CC=CC=C1OCC(CO)O
3263,CID000003559,haloperidol,375.864223,C1CN(CCC1(C2=CC=C(C=C2)Cl)O)CCCC(=O)C3=CC=C(C=C3)F
3330,CID000003637,hydralazine,160.17592,C1=CC=C2C(=C1)C=NN=C2NN
3332,CID000003639,hydrochlorothiazide,297.73912,C1NC2=CC(=C(C=C2S(=O)(=O)N1)S(=O)(=O)N)Cl
3333,CID000003640,s-cortisol,362.4599,CC12CCC(=O)C=C1CCC3C2C(CC4(C3CCC4(C(=O)CO)O)C)O
3335,CID000003642,AC1L1GE2,432.54974,CCCC(=O)OC1(CCC2C1(CC(C3C2CCC4=CC(=O)CCC34C)O)C)C(=O)CO
3340,CID000003648,Dilaudid (hydromorphone,285.33766,CN1CCC23C4C1CC5=C2C(=C(C=C5)O)OC3C(=O)CC4
3344,CID000003652,hydroxychloroquine,335.87154,CCN(CCCC(C)NC1=C2C=CC(=CC2=NC=C1)Cl)CCO
3348,CID000003657,hydroxyurea,76.05466,C(=O)(N)NO
3349,CID000003658,hydroxyzine,374.90428,C1CN(CCN1CCOCCO)C(C2=CC=CC=C2)C3=CC=C(C=C3)Cl
3352,CID000003661,atropine sulfate,289.36942,CN1C2CCC1CC(C2)OC(=O)C(CO)C3=CC=CC=C3
3361,CID000003672,ibuprofen,206.28082,CC(C)CC1=CC=C(C=C1)C(C)C(=O)O
3364,CID000003675,phenelzine,136.19428,C1=CC=C(C=C1)CCNN
3365,CID000003676,lidocaine,234.33728,CCN(CC)CC(=O)NC1=C(C=CC=C1C)C
3378,CID000003690,ifosfamide,261.085962,C1CN(P(=O)(OC1)NCCCl)CCCl
3384,CID000003696,imipramine,280.40726,CN(C)CCCN1C2=CC=CC=C2CCC3=CC=CC=C31
3390,CID000003702,indapamide,365.83454,CC1CC2=CC=CC=C2N1NC(=O)C3=CC(=C(C=C3)Cl)S(=O)(=O)N
3393,CID000003706,NSC740136,613.78948,CC(C)(C)NC(=O)C1CN(CCN1CC(CC(CC2=CC=CC=C2)C(=O)NC3C(CC4=CC=CC=C34)O)O)CC5=CN=CC=C5
3400,CID000003715,indomethacin,357.78764,CC1=C(C2=C(N1C(=O)C3=CC=C(C=C3)Cl)C=CC(=C2)OC)CC(=O)O
3409,CID000003724,iodixanol,1550.18188,CC(=O)N(CC(CN(C1=C(C(=C(C(=C1I)C(=O)NCC(CO)O)I)C(=O)NCC(CO)O)I)C(=O)C)O)C2=C(C(=C(C(=C2I)C(=O)NCC(CO)O)I)C(=O)NCC(CO)O)I
3415,CID000003730,iohexol,821.13785,CC(=O)N(CC(CO)O)C1=C(C(=C(C(=C1I)C(=O)NCC(CO)O)I)C(=O)NCC(CO)O)I
3419,CID000003734,AC1Q4PBS,777.08529,CC(C(=O)NC1=C(C(=C(C(=C1I)C(=O)NC(CO)CO)I)C(=O)NC(CO)CO)I)O
3421,CID000003736,iopromide,791.11187,CN(CC(CO)O)C(=O)C1=C(C(=C(C(=C1I)C(=O)NCC(CO)O)I)NC(=O)COC)I
3426,CID000003741,ioversol,807.11127,C(CO)N(C1=C(C(=C(C(=C1I)C(=O)NCC(CO)O)I)C(=O)NCC(CO)O)I)C(=O)CO
3431,CID000003746,ipratropium bromide,332.4571,CC(C)[N+]1(C2CCC1CC(C2)OC(=O)C(CO)C3=CC=CC=C3)C
3434,CID000003749,irbesartan,428.52942,CCCCC1=NC2(CCCC2)C(=O)N1CC3=CC=C(C=C3)C4=CC=CC=C4C5=NNN=N5
3435,CID000003750,AC1L7AJI,586.67802,CCC1=C2C=C(C=CC2=NC3=C1CN4C3=CC5=C(C4=O)COC(=O)C5(CC)O)OC(=O)N6CCC(CC6)N7CCCCC7
3447,CID000003763,isoflurane,184.492396,C(C(F)(F)F)(OC(F)F)Cl
3451,CID000003767,isoniazid,137.13928,C1=CN=CC=C1C(=O)NN
3463,CID000003780,BiDil (Salt/Mix),236.13632,C1C(C2C(O1)C(CO2)O[N+](=O)[O-])O[N+](=O)[O-]
3466,CID000003784,isradipine,371.38714,CC1=C(C(C(=C(N1)C)C(=O)OC(C)C)C2=CC=CC3=NON=C32)C(=O)OC
3475,CID000003793,itraconazole oral solution,705.63342,CCC(C)N1C(=O)N(C=N1)C2=CC=C(C=C2)N3CCN(CC3)C4=CC=C(C=C4)OCC5COC(O5)(CN6C=NC=N6)C7=C(C=C(C=C7)Cl)Cl
3503,CID000003821,ketamine,237.72524,CNC1(CCCCC1=O)C2=CC=CC=C2Cl
3505,CID000003823,ketoconazole (KTZ,531.43092,CC(=O)N1CCN(CC1)C2=CC=C(C=C2)OCC3COC(O3)(CN4C=CN=C4)C5=C(C=C(C=C5)Cl)Cl
3507,CID000003825,ketoprofen,254.28056,CC(C1=CC=CC(=C1)C(=O)C2=CC=CC=C2)C(=O)O
3508,CID000003826,ketorolac,255.26862,C1CN2C(=CC=C2C(=O)C3=CC=CC=C3)C1C(=O)O
3509,CID000003827,ketotifen,309.42526,CN1CCC(=C2C3=C(C(=O)CC4=CC=CC=C42)SC=C3)CC1
3547,CID000003869,labetalol,328.40546,CC(CCC1=CC=CC=C1)NCC(C2=CC(=C(C=C2)O)C(=O)N)O
3553,CID000003877,NSC760061,229.25624,C1C(OC(S1)CO)N2C=CC(=NC2=O)N
3554,CID000003878,lamotrigine,256.09138,C1=CC(=C(C(=C1)Cl)Cl)C2=C(N=C(N=N2)N)N
3559,CID000003883,lansoprazole,369.36147,CC1=C(C=CN=C1CS(=O)C2=NC3=CC=CC=C3N2)OCC(F)(F)F
3565,CID000003890,latanoprost-d4,432.5928,CC(C)OC(=O)CCCC=CCC1C(CC(C1CCC(CCC2=CC=CC=C2)O)O)O
3573,CID000003899,leflunomide,270.20727,CC1=C(C=NO1)C(=O)NC2=CC=C(C=C2)C(F)(F)F
3576,CID000003902,letrozole,285.30274,C1=CC(=CC=C1C#N)C(C2=CC=C(C=C2)C#N)N3C=NC=N3
3584,CID000003911,Prostap,1209.39826,CCNC(=O)C1CCCN1C(=O)C(CCCN=C(N)N)NC(=O)C(CC(C)C)NC(=O)C(CC(C)C)NC(=O)C(CC2=CC=C(C=C2)O)NC(=O)C(CO)NC(=O)C(CC3=CNC4=CC=CC=C43)NC(=O)C(CC5=CN=CN5)NC(=O)C6CCC(=O)N6
3587,CID000003914,beta-site,291.3853,CC(C)(C)NCC(COC1=CC=CC2=C1CCCC2=O)O
3597,CID000003928,lincocine,406.53736,CCCC1CC(N(C1)C)C(=O)NC(C2C(C(C(C(O2)SC)O)O)O)C(C)O
3598,CID000003929,AC1L1H12,337.346103,CC(=O)NCC1CN(C(=O)O1)C2=CC(=C(C=C2)N3CCOCC3)F
3605,CID000003937,(S)-Lisinopril,405.48794,C1CC(N(C1)C(=O)C(CCCCN)NC(CCC2=CC=CC=C2)C(=O)O)C(=O)O
3622,CID000003954,loperamide,478.04546,CN(C)C(=O)C(CC[NH+]1CCC(CC1)(C2=CC=C(C=C2)Cl)O)(C3=CC=CC=C3)C4=CC=CC=C4
3624,CID000003957,loratadine,382.88322,CCOC(=O)N1CCC(=C2C3=C(CCC4=C2N=CC=C4)C=C(C=C3)Cl)CC1
3625,CID000003958,lorazepam,321.1581,C1=CC=C(C(=C1)C2=NC(C(=O)NC3=C2C=C(C=C3)Cl)O)Cl
3627,CID000003961,losartan,422.91062,CCCCC1=NC(=C(N1CC2=CC=C(C=C2)C3=CC=CC=C3C4=NNN=N4)CO)Cl
3628,CID000003962,Lovastatin-d3,404.53964,CCC(C)C(=O)OC1CC(C=C2C1C(C(C=C2)C)CCC3CC(CC(=O)O3)O)C
3630,CID000003964,loxapine,327.80802,CN1CCN(CC1)C2=NC3=CC=CC=C3OC4=C2C=C(C=C4)Cl
3671,CID000004011,maprotiline,277.40332,CNCCCC12CCC(C3=CC=CC=C31)C4=CC=CC=C24
3694,CID000004034,meclizine,390.94828,CC1=CC(=CC=C1)CN2CCN(CC2)C(C3=CC=CC=C3)C4=CC=C(C=C4)Cl
3701,CID000004044,mefenamic acid,241.2851,CC1=C(C(=CC=C1)NC2=CC=CC=C2C(=O)O)C
3703,CID000004046,Suton,378.312159,C1CCNC(C1)C(C2=CC(=NC3=C2C=CC=C3C(F)(F)F)C(F)(F)F)O
3709,CID000004053,sarcolysin,305.20022,C1=CC(=CC=C1CC(C(=O)O)N)N(CCCl)CCCl
3710,CID000004054,memantine,179.30184,CC12CC3CC(C1)(CC(C3)(C2)N)C
3714,CID000004058,meperidine,247.33274,CCOC(=O)C1(CCN(CC1)C)C2=CC=CC=C2
3720,CID000004064,meprobamate,218.25022,CCCC(C)(COC(=O)N)COC(=O)N
3727,CID000004075,mesalazine,153.13538,C1=CC(=C(C=C1N)C(=O)O)O
3741,CID000004091,metformin,129.16364,CN(C)C(=N)N=C(N)N
3744,CID000004095,methadone,309.44518,CCC(=O)C(CC(C)N(C)C)(C1=CC=CC=C1)C2=CC=CC=C2
3754,CID000004107,methocarbamol,241.2405,COC1=CC=CC=C1OCC(COC(=O)N)O
3759,CID000004112,methotrexate polyglutamate,454.43928,CN(CC1=CN=C2C(=N1)C(=NC(=N2)N)N)C3=CC=C(C=C3)C(=O)NC(CCC(=O)O)C(=O)O
3784,CID000004138,methyldopa,211.21452,CC(CC1=CC(=C(C=C1)O)O)(C(=O)O)N
3786,CID000004140,NSC186067,339.4314,CCC(CO)NC(=O)C1CN(C2CC3=CNC4=CC=CC(=C34)C2=C1)C
3804,CID000004158,methylphenidate,233.30616,COC(=O)C(C1CCCCN1)C2=CC=CC=C2
3805,CID000004159,Medrol,374.4706,CC1CC2C3CCC(C3(CC(C2C4(C1=CC(=O)C=C4)C)O)C)(C(=O)CO)O
3813,CID000004168,metoclopramide,299.79638,CCN(CC)CCNC(=O)C1=CC(=C(C=C1OC)N)Cl
3815,CID000004170,metolazone,365.83454,CC1NC2=CC(=C(C=C2C(=O)N1C3=CC=CC=C3C)S(=O)(=O)N)Cl
3816,CID000004171,metoprolol,267.3639,CC(C)NCC(COC1=CC=C(C=C1)CCOC)O
3818,CID000004173,metronidazole,171.15396,CC1=NC=C(N1CCO)[N+](=O)[O-]
3823,CID000004178,mexiletine,179.25878,CC1=C(C(=CC=C1)C)OCC(C)N
3831,CID000004189,miconazole,416.12856,C1=CC(=C(C=C1Cl)Cl)COC(CN2C=CN=C2)C3=C(C=C(C=C3)Cl)Cl
3834,CID000004192,midazolam,325.767323,CC1=NC=C2N1C3=C(C=C(C=C3)Cl)C(=NC2)C4=CC=CC=C4F
3837,CID000004195,midodrine,254.28232,COC1=CC(=C(C=C1)OC)C(CNC(=O)CN)O
3842,CID000004201,minoxidil,209.2483,C1CCN(CC1)C2=NC(=N)N(C(=C2)N)O
3845,CID000004205,mirtazapine,265.35286,CN1CCN2C(C1)C3=CC=CC=C3CC4=C2N=CC=C4
3851,CID000004211,mitotane,320.0412,C1=CC=C(C(=C1)C(C2=CC=C(C=C2)Cl)C(Cl)Cl)Cl
3852,CID000004212,mitoxantrone,444.48092,C1=CC(=C2C(=C1NCCNCCO)C(=O)C3=C(C=CC(=C3C2=O)O)O)NCCNCCO
3873,CID000004236,modafinil,273.3501,C1=CC=C(C=C1)C(C2=CC=CC=C2)S(=O)CC(=O)N
3885,CID000004253,morphine-D6,285.33766,CN1CCC23C4C1CC5=C2C(=C(C=C5)O)OC3C(C=C4)O
3890,CID000004259,C08054,401.431363,COC1=C2C(=CC(=C1N3CC4CCCNC4C3)F)C(=O)C(=CN2C5CC5)C(=O)O
3895,CID000004264,calcium mupirocin,500.62216,CC(C1C(O1)CC2COC(C(C2O)O)CC(=CC(=O)OCCCCCCCCC(=O)O)C)C(C)O
4037,CID000004409,nabumetone,228.28634,CC(=O)CCC1=CC2=C(C=C1)C=C(C=C2)OC
4039,CID000004411,AC1L1I3V,309.40058,CC(C)(C)NCC(COC1=CC=CC2=C1CC(C(C2)O)O)O
4045,CID000004419,AC1L1I4J,357.44338,C1CC(C1)CN2CCC34C5C(CCC3(C2CC6=C4C(=C(C=C6)O)O5)O)O
4051,CID000004425,Naloxone-d5,327.37434,C=CCN1CCC23C4C(=O)CCC2(C1CC5=C3C(=C(C=C5)O)O4)O
4054,CID000004428,naltrexone HCl,341.40092,C1CC1CN2CCC34C5C(=O)CCC3(C2CC6=C4C(=C(C=C6)O)O5)O
4065,CID000004440,naratriptan,335.4643,CNS(=O)(=O)CCC1=CC2=C(C=C1)NC=C2C3CCN(CC3)C
4072,CID000004449,nefazodone,470.00688,CCC1=NN(C(=O)N1CCOC2=CC=CC=C2)CCCN3CCN(CC3)C4=CC(=CC=C4)Cl
4074,CID000004451,AG 1341,567.7824,CC1=C(C=CC=C1O)C(=O)NC(CSC2=CC=CC=C2)C(CN3CC4CCCCC4CC3C(=O)NC(C)(C)C)O
4086,CID000004463,nevirapine,266.29786,CC1=C2C(=NC=C1)N(C3=C(C=CC=N3)C(=O)N2)C4CC4
4092,CID000004473,nicardipine,480.5329,CC1=C(C(C(=C(N1)C)C(=O)OCC[NH+](C)CC2=CC=CC=C2)C3=CC(=CC=C3)[N+](=O)[O-])C(=O)OC
4099,CID000004485,nifedipine,346.33462,CC1=C(C(C(=C(N1)C)C(=O)OC)C2=CC=CC=C2[N+](=O)[O-])C(=O)OC
4109,CID000004497,nimodipine,418.44034,CC1=C(C(C(=C(N1)C)C(=O)OC(C)C)C2=CC(=CC=C2)[N+](=O)[O-])C(=O)OCCOC
4111,CID000004499,nisoldipine,388.41436,CC1=C(C(C(=C(N1)C)C(=O)OCC(C)C)C2=CC=CC=C2[N+](=O)[O-])C(=O)OC
4116,CID000004506,nitrazepam,281.26614,C1C(=O)NC2=C(C=C(C=C2)[N+](=O)[O-])C(=N1)C3=CC=CC=C3
4119,CID000004509,AC1L1IBS,238.15704,C1C(=O)NC(=O)N1N=CC2=CC=C(O2)[N+](=O)[O-]
4120,CID000004510,glyceryl trinitrate,227.0865,C(C(CO[N+](=O)[O-])O[N+](=O)[O-])O[N+](=O)[O-]
4122,CID000004513,AC1L1IC1,331.45744,CNC(=C[N+](=O)[O-])NCCSCC1=CSC(=N1)CN(C)C
4138,CID000004536,NSC9564,298.41924,CC12CCC3C(C1CCC2(C#C)O)CCC4=CC(=O)CCC34
4141,CID000004539,norfloxacin,319.330823,CCN1C=C(C(=O)C2=CC(=C(C=C21)N3CCNCC3)F)C(=O)O
4144,CID000004542,norgestrelum,312.44582,CCC12CCC3C(C1CCC2(C#C)O)CCC4=CC(=O)CCC34
4145,CID000004543,nortriptyline,263.37674,CNCCC=C1C2=CC=CC=C2CCC3=CC=CC=C31
4148,CID000004547,(-)-repaglinide,452.58574,CCOC1=C(C=CC(=C1)CC(=O)NC(CC(C)C)C2=CC=CC=C2N3CCCCC3)C(=O)O
4183,CID000004583,ofloxacin,361.367503,CC1COC2=C3N1C=C(C(=O)C3=CC(=C2N4CCN(CC4)C)F)C(=O)O
4185,CID000004585,olanzapine,312.4325,CC1=CC2=C(NC3=CC=CC=C3N=C2S1)N4CCN(CC4)C
4193,CID000004594,omeprazole,345.41606,CC1=CN=C(C(=C1OC)C)CS(=O)C2=NC3=C(N2)C=C(C=C3)OC
4194,CID000004595,ondansetron,293.36296,CC1=NC=CN1CC2CCC3=C(C2=O)C4=CC=CC=C4N3C
4198,CID000004599,orlistate,495.73482,CCCCCCCCCCCC(CC1C(C(=O)O1)CCCCCC)OC(=O)C(CC(C)C)NC=O
4200,CID000004601,orphenadrine,269.38132,CC1=CC=CC=C1C(C2=CC=CC=C2)OCCN(C)C
4202,CID000004603,AC1L1IJA,312.40452,CCC(CC)OC1C=C(CC(C1NC(=O)C)N)C(=O)OCC
4206,CID000004607,bactocill,400.42832,CC1=C(C(=NO1)C2=CC=CC=C2)C(=O)NC3C4N(C3=O)C(C(S4)(C)C)C(=O)[O-]
4207,CID000004609,oxaliplatin,397.29176,C1CCC(C(C1)[NH-])[NH-].C(=O)(C(=O)O)O.[Pt+2]
4212,CID000004614,oxaprozin,293.3166,C1=CC=C(C=C1)C2=C(OC(=N2)CCC(=O)O)C3=CC=CC=C3
4214,CID000004616,oxazepam,286.71304,C1=CC=C(C=C1)C2=NC(C(=O)NC3=C2C=C(C=C3)Cl)O
4232,CID000004634,oxybutynin,357.48644,CCN(CC)CC#CCOC(=O)C(C1CCCCC1)(C2=CC=CC=C2)O
4233,CID000004635,METOPON hydrochloride,315.36364,CN1CCC23C4C(=O)CCC2(C1CC5=C3C(=C(C=C5)OC)O4)O
4261,CID000004666,taxol,853.90614,CC1=C2C(C(=O)C3(C(CC4C(C3C(C(C2(C)C)(CC1OC(=O)C(C(C5=CC=CC=C5)NC(=O)C6=CC=CC=C6)O)O)OC(=O)C7=CC=CC=C7)(CO4)OC(=O)C)O)C)OC(=O)C
4269,CID000004675,NSC-293162,572.8619,CC(=O)OC1CC2CCC3C(C2(CC1[N+]4(CCCCC4)C)C)CCC5(C3CC(C5OC(=O)C)[N+]6(CCCCC6)C)C
4273,CID000004679,pantoprazole,383.369806,COC1=C(C(=NC=C1)CS(=O)C2=NC3=C(N2)C=C(C=C3)OC(F)F)OC
4285,CID000004691,1596B,329.365403,C1CNCC(C1C2=CC=C(C=C2)F)COC3=CC4=C(C=C3)OCO4
4317,CID000004723,pemoline,176.17202,C1=CC=C(C=C1)C2C(=O)N=C(O2)N
4321,CID000004727,DL-penicillamine,149.21134,CC(C)(C(C(=O)O)N)S
4323,CID000004730,pEnv,349.38158,CC1(C(N2C(S1)C(C2=O)NC(=O)COC3=CC=CC=C3)C(=O)[O-])C
4328,CID000004736,dl-pentazocine,285.42378,CC1C2CC3=C(C1(CCN2CC=C(C)C)C)C=C(C=C3)O
4331,CID000004739,co-vidarabine,268.26914,C1C(C(OC1N2C=NC3=C2NC=NCC3O)CO)O
4332,CID000004740,pentoxifylline,278.30702,CC(=O)CCCCN1C(=O)C2=C(N=CN2C)N(C1=O)C
4337,CID000004745,TNP00315,314.48814,CCCN1CC(CC2C1CC3=CNC4=CC=CC2=C34)CSC
4340,CID000004748,perphenazine,403.96864,C1CN(CCN1CCCN2C3=CC=CC=C3SC4=C2C=C(C=C4)Cl)CCO
4359,CID000004771,phentermine,149.2328,CC(C)(CC1=CC=CC=C1)N
4396,CID000004812,Vitamin K1-d7,450.69574,CC1=C(C(=O)C2=CC=CC=C2C1=O)CC=C(C)CCCC(C)CCCC(C)CCCC(C)C
4402,CID000004819,pilocarpine-,208.25694,CCC1C(COC1=O)CC2=CN=CN2C
4411,CID000004828,pindolol,248.3208,CC(C)NCC(COC1=CC=CC2=C1C=CN2)O
4412,CID000004829,pioglitazone,356.4387,CCC1=CN=C(C=C1)CCOC2=CC=C(C=C2)CC3C(=O)NC(=O)S3
4417,CID000004834,A-8817,516.54684,CCN1CCN(C(=O)C1=O)C(=O)NC(C2=CC=CC=C2)C(=O)NC3C4N(C3=O)C(C(S4)(C)C)C(=O)[O-]
4427,CID000004845,pirbuterol,240.2988,CC(C)(C)NCC(C1=NC(=C(C=C1)O)CO)O
4453,CID000004873,potassium chloride,74.5513,[Cl-].[K+]
4461,CID000004885,AC1L3P1T,211.32708,CCCNC1CCC2=C(C1)SC(=N2)N
4465,CID000004889,AC1L1J6H,424.52774,CCC(C)C(=O)OC1CC(C=C2C1C(C(C=C2)C)CCC(CC(CC(=O)O)O)O)O
4469,CID000004893,prazosin,383.40114,COC1=C(C=C2C(=C1)C(=NC(=N2)N3CCN(CC3)C(=O)C4=CC=CO4)N)OC
4470,CID000004894,AC1L1J6W,360.44402,CC12CC(C3C(C1CCC2(C(=O)CO)O)CCC4=CC(=O)C=CC34C)O
4476,CID000004900,DeltaE,358.42814,CC12CC(=O)C3C(C1CCC2(C(=O)CO)O)CCC4=CC(=O)C=CC34C
4484,CID000004909,primidone,218.25176,CCC1(C(=O)NCNC1=O)C2=CC=CC=C2
4486,CID000004911,probenecid,285.35926,CCCN(CCC)S(=O)(=O)C1=CC=C(C=C1)C(=O)O
4488,CID000004913,procainamide,235.32534,CCN(CC)CCNC(=O)C1=CC=C(C=C1)N
4492,CID000004917,prochlorperazine,373.94266,CN1CCN(CC1)CCCN2C3=CC=CC=C3SC4=C2C=C(C=C4)Cl
4495,CID000004920,"pregn-4-ene-3,20-dione",314.4617,CC(=O)C1CCC2C1(CCC3C2CCC4=CC(=O)CCC34C)C
4501,CID000004927,promethazine,284.4191,CC(CN1C2=CC=CC=C2SC3=CC=CC=C31)N(C)C
4506,CID000004932,propafenone,341.44398,CCCNCC(COC1=CC=CC=C1C(=O)CCC2=CC=CC=C2)O
4517,CID000004943,propofol,178.27072,CC(C)C1=C(C(=CC=C1)C(C)C)O
4520,CID000004946,propranolol,259.34344,CC(C)NCC(COC1=CC=CC2=CC=CC=C21)O
4559,CID000004991,pyridostigmine,181.21172,C[N+]1=CC=CC(=C1)OC(=O)N(C)C
4561,CID000004993,pyrimethamine,248.71142,CCC1=C(C(=NC(=N1)N)N)C2=CC=C(C=C2)Cl
4566,CID000004999,quazepam,386.794253,C1C(=S)N(C2=C(C=C(C=C2)Cl)C(=N1)C3=CC=CC=C3F)CC(F)(F)F
4568,CID000005002,quetiapine,383.5071,C1CN(CCN1CCOCCO)C2=NC3=CC=CC=C3SC4=CC=CC=C42
4571,CID000005005,KS-1100,438.5161,CCOC(=O)C(CCC1=CC=CC=C1)NC(C)C(=O)N2CC3=CC=CC=C3CC2C(=O)O
4593,CID000005029,rabeprazole,359.44264,CC1=C(C=CN=C1CS(=O)C2=NC3=CC=CC=C3N2)OCCCOC
4598,CID000005035,raloxifene,473.58328,C1CCN(CC1)CCOC2=CC=C(C=C2)C(=O)C3=C(SC4=C3C=CC(=C4)O)C5=CC=C(C=C5)O
4601,CID000005038,Corpril,416.51058,CCOC(=O)C(CCC1=CC=CC=C1)NC(C)C(=O)N2C3CCCC3CC2C(=O)O
4602,CID000005039,Noctone,314.40378,CNC(=C[N+](=O)[O-])NCCSCC1=CC=C(O1)CN(C)C
4603,CID000005040,Perceiva,914.17186,CC1CCC2CC(C(=CC=CC=CC(CC(C(=O)C(C(C(=CC(C(=O)CC(OC(=O)C3CCCCN3C(=O)C(=O)C1(O2)O)C(C)CC4CCC(C(C4)OC)O)C)C)O)OC)C)C)C)OC
4615,CID000005052,HYGROTON-RESERPINE,608.6787,COC1C(CC2CN3CCC4=C(C3CC2C1C(=O)OC)NC5=C4C=CC(=C5)OC)OC(=O)C6=CC(=C(C(=C6)OC)OC)OC
4627,CID000005064,NSC-163039,244.20468,C1=NC(=NN1C2C(C(C(O2)CO)O)O)C(=O)N
4631,CID000005070,riluzole,234.19831,C1=CC2=C(C=C1OC(F)(F)F)SC(=N2)N
4634,CID000005073,risperidone,410.484483,CC1=C(C(=O)N2CCCCC2=N1)CCN3CCC(CC3)C4=NOC5=C4C=CC(=C5)F
4637,CID000005076,ABT 538,720.94422,CC(C)C1=NC(=CS1)CN(C)C(=O)NC(C(C)C)C(=O)NC(CC2=CC=CC=C2)CC(C(CC3=CC=CC=C3)NC(=O)OCC4=CN=CS4)O
4638,CID000005077,AC1L1JK6,250.33668,CCN(C)C(=O)OC1=CC=CC(=C1)C(C)N(C)C
4639,CID000005078,rizatriptan,269.34486,CN(C)CCC1=CNC2=C1C=C(C=C2)CN3C=NC=N3
4649,CID000005090,rofecoxib,314.35566,CS(=O)(=O)C1=CC=C(C=C1)C2=C(C(=O)OC2)C3=CC=CC=C3
4654,CID000005095,ropinirole,260.37456,CCCN(CCC)CCC1=C2CC(=O)NC2=CC=C1
4702,CID000005152,salmeterol,415.56558,C1=CC=C(C=C1)CCCCOCCCCCCNCC(C2=CC(=C(C=C2)O)CO)O
4705,CID000005155,stavudine (d4T,224.21328,CC1=CN(C(=O)NC1=O)C2C=CC(O2)CO
4730,CID000005184,scopolamine hydrobromide,303.35294,CN1C2CC(CC1C3C2O3)OC(=O)C(CO)C4=CC=CC=C4
4740,CID000005195,deprenil,187.28078,CC(CC1=CC=CC=C1)N(C)CC#C
4747,CID000005203,sertraline hydrochloride,306.22958,CNC1CCC(C2=CC=CC=C12)C3=CC(=C(C=C3)Cl)Cl
4750,CID000005206,sevoflurane,200.054842,C(OC(C(F)(F)F)C(F)(F)F)F
4754,CID000005210,sibutramine,279.84804,CC(C)CC(C1(CCC1)C2=CC=C(C=C2)Cl)N(C)C
4756,CID000005212,sildenafil,474.5764,CCCC1=NN(C2=C1NC(=NC2=O)C3=C(C=CC(=C3)S(=O)(=O)N4CCN(CC4)C)OCC)C
4759,CID000005215,sulfadiazine,250.277,C1=CN=C(N=C1)NS(=O)(=O)C2=CC=C(C=C2)N
4777,CID000005234,NaCl,58.442769,[Na+].[Cl-]
4786,CID000005245,risedronate,283.112264,C1=CC(=CN=C1)CC(O)(P(=O)(O)O)P(=O)(O)O
4793,CID000005253,sotalol,272.3638,CC(C)NCC(C1=CC=C(C=C1)NS(=O)(=O)C)O
4804,CID000005267,Berlactone,416.57348,CC(=O)SC1CC2=CC(=O)CCC2(C3C1C4CCC5(C4(CC3)C)CCC(=O)O5)C
4828,CID000005291,imatinib,493.60274,CC1=C(C=C(C=C1)NC(=O)C2=CC=C(C=C2)CN3CCN(CC3)C)NC4=NC=CC(=N4)C5=CN=CC=C5
4834,CID000005297,AC1O7EO6,581.57406,CC1C(C(C(O1)OC2C(C(C(C(C2O)O)N=C(N)N)O)N=C(N)N)OC3C(C(C(C(O3)CO)O)O)NC)(C=O)O
4885,CID000005352,NSAID) sulindac,356.410583,CC1=C(C2=C(C1=CC3=CC=C(C=C3)S(=O)C)C=CC(=C2)F)CC(=O)O
4891,CID000005358,sumatriptan,295.40044,CNS(=O)(=O)CC1=CC2=C(C=C1)NC=C2CCN(C)C
4904,CID000005372,NSC717865,804.01816,CC1CC(C2C(CC(C(O2)(C(=O)C(=O)N3CCCCC3C(=O)OC(C(C(CC(=O)C(C=C(C1)C)CC=C)O)C)C(=CC4CCC(C(C4)OC)O)C)O)C)OC)OC
4908,CID000005376,tamoxifen,371.51456,CCC(=C(C1=CC=CC=C1)C2=CC=C(C=C2)OCCN(C)C)C3=CC=CC=C3
4911,CID000005379,gatifloxacin,375.394083,CC1CN(CCN1)C2=C(C=C3C(=C2OC)N(C=C(C3=O)C(=O)O)C4CC4)F
4913,CID000005381,tazarotene,351.46194,CCOC(=O)C1=CN=C(C=C1)C#CC2=CC3=C(C=C2)SCCC3(C)C
4923,CID000005391,temazepam,300.73962,CN1C2=C(C=C(C=C2)Cl)C(=NC(C1=O)O)C3=CC=CC=C3
4926,CID000005394,temozolomide,194.15084,CN1C(=O)N2C=NC(=C2N=N1)C(=O)N
4932,CID000005401,terazosin,387.4329,COC1=C(C=C2C(=C1)C(=NC(=N2)N3CCN(CC3)C(=O)C4CCCO4)N)OC
4933,CID000005402,terbinafine hydrochloride,291.4299,CC(C)(C)C#CC=CCN(C)CC1=CC=CC2=CC=CC=C21
4939,CID000005408,s-testosterone,288.42442,CC12CCC3C(C1CCC2O)CCC4=CC(=O)CCC34C
4956,CID000005426,thalidomide,258.2295,C1CC(=O)NC(=O)C1N2C(=O)C3=CC=CC=C3C2=O
4975,CID000005453,thiotepa,189.218342,C1CN1P(=S)(N2CC2)N3CC3
4976,CID000005454,T15550,443.62526,CN1CCN(CC1)CCC=C2C3=CC=CC=C3SC4=C2C=C(C=C4)S(=O)(=O)N(C)C
4988,CID000005466,AC1Q5UBL,375.548,CC1=C(SC=C1)C(=CCCN2CCCC(C2)C(=O)O)C3=C(C=CS3)C
4994,CID000005472,ticlopidine,263.78566,C1CN(CC2=C1SC=C2)CC3=CC=CC=C3Cl
4999,CID000005478,racemic timolol,316.41966,CC(C)(C)NCC(COC1=NSN=C1N2CCOCC2)O
5007,CID000005486,AC1L1KGC,440.59664,CCCCS(=O)(=O)NC(CC1=CC=C(C=C1)OCCCCC2CCNCC2)C(=O)O
5008,CID000005487,tizanidine,253.71132,C1CN=C(N1)NC2=C(C=CC3=NSN=C32)Cl
5016,CID000005496,Dicon,467.51448,C1C(C(C(C(C1N)OC2C(C(C(C(O2)CO)O)N)O)O)OC3C(CC(C(O3)CN)O)N)N
5025,CID000005505,tolbutamide,270.34792,CCCCNC(=O)NS(=O)(=O)C1=CC=C(C=C1)C
5031,CID000005512,AC1L9FDR,325.48764,CC1=CC(=C(C=C1)O)C(CCN(C(C)C)C(C)C)C2=CC=CC=C2
5033,CID000005514,AC1L1KIH,339.36204,CC1(OC2COC3(C(C2O1)OC(O3)(C)C)COS(=O)(=O)N)C
5034,CID000005515,Hycamtin,421.44582,CCC1(C2=C(COC1=O)C(=O)N3CC4=C(C3=C2)N=C5C=CC(=C(C5=C4)CN(C)C)O)O
5041,CID000005523,Ultracet,263.3752,CN(C)CC1CCCCC1(C2=CC(=CC=C2)OC)O
5043,CID000005525,indolapril,430.53716,CCOC(=O)C(CCC1=CC=CC=C1)NC(C)C(=O)N2C3CCCCC3CC2C(=O)O
5048,CID000005530,tranylcypromine,133.19034,C1C(C1N)C2=CC=CC=C2
5051,CID000005533,trazodone,371.86388,C1CN(CCN1CCCN2C(=O)N3C=CC=CC3=N2)C4=CC(=CC=C4)Cl
5056,CID000005538,retinoic acid,300.43512,CC1=C(C(CCC1)(C)C)C=CC(=CC=CC(=CC(=O)O)C)C
5062,CID000005544,R1218,394.433883,CC12CC(C3(C(C1CC(C2(C(=O)CO)O)O)CCC4=CC(=O)C=CC43C)F)O
5074,CID000005556,triazolam,343.20998,CC1=NN=C2N1C3=C(C=C(C=C3)Cl)C(=NC2)C4=CC=CC=C4Cl
5089,CID000005572,trihexyphenidyl,301.46624,C1CCC(CC1)C(CCN2CCCCC2)(C3=CC=CC=C3)O
5094,CID000005578,trimethoprim,290.31772,COC1=CC(=CC(=C1OC)OC)CC2=CN=C(N=C2N)N
5099,CID000005584,trimipramine,294.43384,CC(CN1C2=CC=CC=C2CCC3=CC=CC=C31)CN(C)C
5108,CID000005593,tropicamide,284.3529,CCN(CC1=CC=NC=C1)C(=O)C(CO)C2=CC=CC=C2
5111,CID000005596,azoniaspiro,392.5106,C1CC[N+]2(C1)C3CCC2CC(C3)OC(=O)C(C4=CC=CC=C4)(C5=CC=CC=C5)O
5156,CID000005645,"3alpha, 7beta-dihydroxy-5beta-cholan-24-oic acid",392.572,CC(CCC(=O)O)C1CCC2C1(CCC3C2C(CC4C3(CCC(C4)O)C)O)C
5158,CID000005647,AC1L1KTH,324.3357,CC(C)C(C(=O)OCCOCN1C=NC2=C1NC(=NC2=O)N)N
5161,CID000005650,Valsartan-d3,435.51876,CCCCC(=O)N(CC1=CC=C(C=C1)C2=CC=CC=C2C3=NNN=N3)C(C(C)C)C(=O)O
5162,CID000005651,cyclodextrin-benzaldehyde,1449.2536,CC1C(C(CC(O1)OC2C(C(C(OC2OC3=C4C=C5C=C3OC6=C(C=C(C=C6)C(C(C(=O)NC(C(=O)NC5C(=O)NC7C8=CC(=C(C=C8)O)C9=C(C=C(C=C9C(NC(=O)C(C(C1=CC(=C(O4)C=C1)Cl)O)NC7=O)C(=O)O)O)O)CC(=O)N)NC(=O)C(CC(C)C)NC)O)Cl)CO)O)O)(C)N)O
5167,CID000005656,venlafaxine,277.40178,CN(C)CC(C1=CC=C(C=C1)OC)C2(CCCCC2)O
5183,CID000005672,Eunades,778.93226,CCC1=CC2CC(C3=C(CN(C2)C1)C4=CC=CC=C4N3)(C5=C(C=C6C(=C5)C78CCN9C7C(C=CC9)(C(C(C8N6C)(C(=O)OC)O)OC(=O)C)CC)OC)C(=O)OC
5223,CID000005717,zafirlukast,575.67522,CC1=CC=CC=C1S(=O)(=O)NC(=O)C2=CC(=C(C=C2)CC3=CN(C4=C3C=C(C=C4)NC(=O)OC5CCCC5)C)OC
5225,CID000005719,zaleplon,305.3339,CCN(C1=CC=CC(=C1)C2=CC=NC3=C(C=NN23)C#N)C(=O)C
5227,CID000005721,AC1Q5T5H,332.3098,CC(=O)NC1C(C=C(OC1C(C(CO)O)O)C(=O)O)N=C(N)N
5232,CID000005726,azidothymidine (AZT,267.24132,CC1=CN(C(=O)NC1=O)C2CC(C(O2)CO)N=[N+]=[N-]
5237,CID000005731,zolmitriptan Rapidfilm,287.35684,CN(C)CCC1=CNC2=C1C=C(C=C2)CC3COC(=O)N3
5238,CID000005732,zolpidem,307.38954,CC1=CC=C(C=C1)C2=C(N3C=C(C=CC3=N2)C)CC(=O)N(C)C
5240,CID000005734,zonisamide,212.22572,C1=CC=C2C(=C1)C(=NO2)CS(=O)(=O)N
5241,CID000005735,zopiclone,388.80828,CN1CCN(CC1)C(=O)OC2C3=NC=CN=C3C(=O)N2C4=NC=C(C=C4)Cl
5251,CID000005746,mitomycin C,334.32722,CC1=C(C(=O)C2=C(C1=O)N3CC4C(C3(C2COC(=O)N)OC)N4)N
5272,CID000005771,synthetic oxytocin,1007.18734,CCC(C)C1C(=O)NC(C(=O)NC(C(=O)NC(CSSCC(C(=O)NC(C(=O)N1)CC2=CC=C(C=C2)O)N)C(=O)N3CCCC3C(=O)NC(CC(C)C)C(=O)NCC(=O)N)CC(=O)N)CCC(=O)N
5353,CID000005878,oxandrolone,306.4397,CC12CCC3C(C1CCC2(C)O)CCC4C3(COC(=O)C4)C
5416,CID000005978,vincristine,824.95764,CCC1(CC2CC(C3=C(CCN(C2)C1)C4=CC=CC=C4N3)(C5=C(C=C6C(=C5)C78CCN9C7C(C=CC9)(C(C(C8N6C=O)(C(=O)OC)O)OC(=O)C)CC)OC)C(=O)OC)O
8441,CID000009433,aminophylline,420.42636,CN1C2=C(C(=O)N(C1=O)C)NC=N2.CN1C2=C(C(=O)N(C1=O)C)NC=N2.C(CN)N
9508,CID000010631,medroxyprogesterone (MPA,344.48768,CC1CC2C(CCC3(C2CCC3(C(=O)C)O)C)C4(C1=CC(=O)CC4)C
11189,CID000012536,Apolar,416.50728,CC1(OC2CC3C4CCC5=CC(=O)C=CC5(C4C(CC3(C2(O1)C(=O)CO)C)O)C)C
11916,CID000013342,vinblastine,810.97412,CCC1(CC2CC(C3=C(CCN(C2)C1)C4=CC=CC=C4N3)(C5=C(C=C6C(=C5)C78CCN9C7C(C=CC9)(C(C(C8N6C)(C(=O)OC)O)OC(=O)C)CC)OC)C(=O)OC)O
13148,CID000014888,arsenic trioxide,197.8414,[O-2].[O-2].[O-2].[As+3].[As+3]
16458,CID000019090,megestrol,342.4718,CC1=CC2C(CCC3(C2CCC3(C(=O)C)O)C)C4(C1=CC(=O)CC4)C
20261,CID000024011,selenium sulphide,111.025,S=[Se]
20613,CID000024486,calcium chloride dihydrate,219.07568,O.O.O.O.O.O.[Cl-].[Cl-].[Ca+2]
23016,CID000027661,isosorbide-5-mononitrate,191.13876,C1C(C2C(O1)C(CO2)O[N+](=O)[O-])O
23036,CID000027686,cromoglicate,468.36654,C1=CC2=C(C(=C1)OCC(COC3=CC4=C(C=C3)OC(=CC4=O)C(=O)O)O)C(=O)C=C(O2)C(=O)O
23264,CID000027991,desmopressin,1069.21696,C1CC(N(C1)C(=O)C2CSSCCC(=O)NC(C(=O)NC(C(=O)NC(C(=O)NC(C(=O)N2)CC(=O)N)CCC(=O)N)CC3=CC=CC=C3)CC4=CC=C(C=C4)O)C(=O)NC(CCCN=C(N)N)C(=O)NCC(=O)N
23358,CID000028112,lithium aluminohydride,37.954299,[Li+].[AlH4-]
26878,CID000032797,Olux,410.906723,CC1CC2C3CCC4=CC(=O)C=CC4(C3(C(CC2(C1(C(=O)CCl)O)C)O)F)C
28048,CID000034312,oxcarbazepine,252.26798,C1C2=CC=CC=C2N(C3=CC=CC=C3C1=O)C(=O)N
29718,CID000036339,amidate,244.28904,CCOC(=O)C1=CN=CN1C(C)C2=CC=CC=C2
30068,CID000036811,dobutamine,301.38012,CC(CCC1=CC=C(C=C1)O)NCCC2=CC(=C(C=C2)O)O
32295,CID000039860,nabilone,372.54084,CCCCCCC(C)(C)C1=CC2=C(C3CC(=O)CCC3C(O2)(C)C)C(=C1)O
33373,CID000041317,acetretin,326.42934,CC1=CC(=C(C(=C1C=CC(=CC=CC(=CC(=O)O)C)C)C)C)OC
33672,CID000041693,sufentanil,386.5508,CCC(=O)N(C1=CC=CC=C1)C2(CCN(CC2)CCC3=CC=CS3)COC
33722,CID000041774,acarbose,645.60482,CC1C(C(C(C(O1)OC2C(OC(C(C2O)O)OC3C(OC(C(C3O)O)O)CO)CO)O)O)NC4C=C(C(C(C4O)O)O)CO
33728,CID000041781,torasemide,348.42,CC1=CC(=CC=C1)NC2=C(C=NC=C2)S(=O)(=O)NC(=O)NC(C)C
33984,CID000042113,desflurane,168.037799,C(C(F)(F)F)(OC(F)F)F
37735,CID000047725,goserelin,1269.41046,CC(C)CC(C(=O)NC(CCCN=C(N)N)C(=O)N1CCCC1C(=O)NNC(=O)N)NC(=O)C(COC(C)(C)C)NC(=O)C(CC2=CC=C(C=C2)O)NC(=O)C(CO)NC(=O)C(CC3=CNC4=CC=CC=C43)NC(=O)C(CC5=CN=CN5)NC(=O)C6CCC(=O)N6
38035,CID000048175,hOBs,484.960446,CCC(=O)OC1(C(CC2C1(CC(C3(C2CC(C4=CC(=O)C=CC43C)F)F)O)C)C)C(=O)CCl
39893,CID000051263,alfentanil,416.51718,CCC(=O)N(C1=CC=CC=C1)C2(CCN(CC2)CCN3C(=O)N(N=N3)CC)COC
40162,CID000051634,miglustat,219.27804,CCCCN1CC(C(C(C1CO)O)O)O
42105,CID000054454,simvastatin,418.56622,CCC(C)(C)C(=O)OC1CC(C=C2C1C(C(C=C2)C)CCC3CC(CC(=O)O3)O)C
42160,CID000054547,AC1Q6LP9,427.45538,COCC1=C(N2C(C(C2=O)NC(=O)C(=NOC)C3=CSC(=N3)N)SC1)C(=O)O
42256,CID000054688,NSC643733,747.95336,CCC1C(C(C(C(=O)C(CC(C(C(C(C(C(=O)O1)C)OC2CC(C(C(O2)C)O)(C)OC)C)OC3C(C(CC(O3)C)N(C)C)O)(C)OC)C)C)O)(C)O
42334,CID000054786,Remodulin,390.51306,CCCCCC(CCC1C(CC2C1CC3=C(C2)C(=CC=C3)OCC(=O)O)O)O
42353,CID000054808,ALREX,466.95174,CCOC(=O)OC1(CCC2C1(CC(C3C2CCC4=CC(=O)C=CC34C)O)C)C(=O)OCCl
44044,CID000056959,ranolazine,427.53652,CC1=C(C(=CC=C1)C)NC(=O)CN2CCN(CC2)CC(COC3=CC=CC=C3OC)O
44398,CID000057469,imiquimod,240.30364,CC(C)CN1C=NC2=C1C3=CC=CC=C3N=C2N
44458,CID000057537,rotigotine transdermal patch,315.4729,CCCN(CCC1=CC=CS1)C2CCC3=C(C2)C=CC=C3O
45983,CID000059708,etiracetam,170.20896,CCC(C(=O)N)N1CCCC1=O
46311,CID000060164,adapalene,412.52012,COC1=C(C=C(C=C1)C2=CC3=C(C=C2)C=C(C=C3)C(=O)O)C45CC6CC(C4)CC(C6)C5
46327,CID000060184,Coversyl,368.46778,CCCC(C(=O)OCC)NC(C)C(=O)N1C2CCCCC2CC1C(=O)O
46340,CID000060198,exemestane,296.40336,CC12CCC3C(C1CCC2=O)CC(=C)C4=CC(=O)C=CC34C
46620,CID000060612,dexmedetomidine hydrochloride,200.27954,CC1=C(C(=CC=C1)C(C)C2=CN=CN2)C
46736,CID000060787,saquinivir,670.8408,CC(C)(C)NC(=O)C1CC2CCCCC2CN1CC(C(CC3=CC=CC=C3)NC(=O)C(CC(=O)N)NC(=O)C4=NC5=CC=CC=C5C=C4)O
46744,CID000060795,aripiprazole,448.38538,C1CC(=O)NC2=C1C=CC(=C2)OCCCCN3CCN(CC3)C4=C(C(=CC=C4)Cl)Cl
46780,CID000060843,pemetrexed,427.41064,C1=CC(=CC=C1CCC2=CNC3=C2C(=O)N=C(N3)N)C(=O)NC(CCC(=O)O)C(=O)O
46786,CID000060852,ibandronate,319.228944,CCCCCN(C)CCC(O)(P(=O)(O)O)P(=O)(O)O
46801,CID000060871,adefovir dipivoxil,501.470542,CC(C)(C)C(=O)OCOP(=O)(COCCN1C=NC2=C1N=CN=C2N)OCOC(=O)C(C)(C)C
46805,CID000060877,emtricitabine,247.246703,C1C(OC(S1)CO)N2C=C(C(=NC2=O)N)F
46854,CID000060953,capecitabine,359.350083,CCCCCOC(=O)NC1=NC(=O)N(C=C1F)C2C(C(C(O2)C)O)O
48358,CID000062924,Fluticaps,444.50759,CC1CC2C3CC(C4=CC(=O)C=CC4(C3(C(CC2(C1(C(=O)SCF)O)C)O)F)C)F
49331,CID000064147,valganciclovir,354.36168,CC(C)C(C(=O)OCC(CO)OCN1C=NC2=C1NC(=NC2=O)N)N
50741,CID000065999,telmisartan,514.6169,CCCC1=NC2=C(C=C(C=C2N1CC3=CC=C(C=C3)C4=CC=CC=C4C(=O)O)C5=NC6=CC=CC=C6N5C)C
53169,CID000068740,zoledronic acid,272.089624,C1=CN(C=N1)CC(O)(P(=O)(O)O)P(=O)(O)O
53267,CID000068844,brinzolamide,383.50724,CCNC1CN(S(=O)(=O)C2=C1C=C(S2)S(=O)(=O)N)CCCOC
55404,CID000071158,acamprosate,181.21014,CC(=O)NCCCS(=O)(=O)O
55500,CID000071273,Narop,274.40114,CCCN1CCCCC1C(=O)NC2=C(C=CC=C2C)C
55538,CID000071329,dofetilide,441.56478,CN(CCC1=CC=C(C=C1)NS(=O)(=O)C)CCOC2=CC=C(C=C2)NS(=O)(=O)C
55692,CID000071616,voriconazole,349.31047,CC(C1=NC=NC=C1F)C(CN2C=NC=N2)(C3=C(C=C(C=C3)F)F)O
56007,CID000072054,darifenicin,426.55,C1CN(CC1C(C2=CC=CC=C2)(C3=CC=CC=C3)C(=O)N)CCC4=CC5=C(C=C4)OCC5
56689,CID000072938,AC1L2J02,389.380903,CON=C1CN(CC1CN)C2=C(C=C3C(=O)C(=CN(C3=N2)C4CC4)C(=O)O)F
58389,CID000074989,atovaquone,366.83746,C1CC(CCC1C2=CC=C(C=C2)Cl)C3=C(C4=CC=CC=C4C(=O)C3=O)O
61050,CID000077992,frovatriptan,243.30428,CNC1CCC2=C(C1)C3=C(N2)C=CC(=C3)C(=O)N
61051,CID000077993,eletriptan,382.51904,CN1CCCC1CC2=CNC3=C2C=C(C=C3)CCS(=O)(=O)C4=CC=CC=C4
65886,CID000083786,"7-hydroxypyrazolo[4,3-d]pyrimidine",136.11146,C1=NNC2=C1NC=NC2=O
68765,CID000087177,maltulose,342.29648,C(C1C(C(C(C(O1)OC(C(CO)O)C(C(=O)CO)O)O)O)O)O
74503,CID000093860,Velcade (bortezomib,384.2372,B(C(CC(C)C)NC(=O)C(CC1=CC=CC=C1)NC(=O)C2=NC=CN=C2)(O)O
84115,CID000104741,fulvestrant,606.770796,CC12CCC3C(C1CCC2O)C(CC4=C3C=CC(=C4)O)CCCCCCCCCS(=O)CCCC(C(F)(F)F)(F)F
84204,CID000104865,bosentan,551.61406,CC(C)(C)C1=CC=C(C=C1)S(=O)(=O)NC2=C(C(=NC(=N2)C3=NC=CC=N3)OCCO)OC4=CC=CC=C4OC
88538,CID000110634,vardenafil,488.60298,CCCC1=NC(=C2N1NC(=NC2=O)C3=C(C=CC(=C3)S(=O)(=O)N4CCN(CC4)CC)OCC)C
88539,CID000110635,tadalafil,389.40396,CN1CC(=O)N2C(C1=O)CC3=C(C2C4=CC5=C(C=C4)OCO5)NC6=CC=CC=C36
91901,CID000115237,paliperidone,426.483883,CC1=C(C(=O)N2CCCC(C2=N1)O)CCN3CCC(CC3)C4=NOC5=C4C=CC(=C5)F
94868,CID000119182,clofarabine,303.677443,C1=NC2=C(N1C3C(C(C(O3)CO)O)F)N=C(N=C2N)Cl
95197,CID000119607,valdecoxib,314.35896,CC1=C(C(=NO1)C2=CC=CC=C2)C3=CC=C(C=C3)S(=O)(=O)N
97239,CID000122316,N-propargyl-1-aminoindan,171.23832,C#CCNC1CCC2=CC=CC=C12
98350,CID000123606,almotriptan,335.4643,CN(C)CCC1=CNC2=C1C=C(C=C2)CS(=O)(=O)N3CCCC3
98361,CID000123620,Elocom,427.36132,CC1CC2C3CCC4=CC(=O)C=CC4(C3(C(CC2(C1(C(=O)CCl)O)C)O)Cl)C
98368,CID000123631,gefitinib,446.902363,COC1=C(C=C2C(=C1)N=CN=C2NC3=CC(=C(C=C3)F)Cl)OCCCN4CCOCC4
98704,CID000124087,desloratadine,310.82056,C1CC2=C(C=CC(=C2)Cl)C(=C3CCNCC3)C4=C1C=CC=N4
99455,CID000125017,desvenlafaxine,263.3752,CN(C)CC(C1=CC=C(C=C1)O)C2(CCCCC2)O
100140,CID000125889,NSC759256,159.22608,CC(C)CC(CC(=O)O)CN
104075,CID000130881,olmesartan medoxomil,558.5851,CCCC1=NC(=C(N1CC2=CC=C(C=C2)C3=CC=CC=C3C4=NNN=N4)C(=O)OCC5=C(OC(=O)O5)C)C(C)(C)O
116540,CID000145068,nitric oxide,30.0061,[N]=O
118927,CID000147912,SPRIAFIL,700.777386,CCC(C(C)O)N1C(=O)N(C=N1)C2=CC=C(C=C2)N3CCN(CC3)C4=CC=C(C=C4)OCC5CC(OC5)(CN6C=NC=N6)C7=C(C=C(C=C7)F)F
119159,CID000148192,atazanavir,704.85548,CC(C)(C)C(C(=O)NC(CC1=CC=CC=C1)C(CN(CC2=CC=C(C=C2)C3=CC=CC=N3)NC(=O)C(C(C)(C)C)NC(=O)OC)O)NC(=O)OC
119172,CID000148211,palonosetron hydrochloride,296.40666,C1CC2CN(C(=O)C3=C2C(=CC=C3)C1)C4CN5CCC4CC5
120858,CID000150310,AC1L9FDC,414.4914,CC12CCC(=O)C=C1CC(C3C24C(O4)CC5(C3CCC56CCC(=O)O6)C)C(=O)OC
120859,CID000150311,ezetimibe,409.425246,C1=CC(=CC=C1C2C(C(=O)N2C3=CC=C(C=C3)F)CCC(C4=CC=C(C=C4)F)O)O
121100,CID000150610,ertapenem,475.5148,CC1C2C(C(=O)N2C(=C1SC3CC(NC3)C(=O)NC4=CC=CC(=C4)C(=O)O)C(=O)O)C(C)O
121575,CID000151165,emend,534.426662,CC(C1=CC(=CC(=C1)C(F)(F)F)C(F)(F)F)OC2C(N(CCO2)CC3=NC(=O)NN3)C4=CC=C(C=C4)F
123047,CID000152945,Avodart,528.529719,CC12CCC3C(C1CCC2C(=O)NC4=C(C=CC(=C4)C(F)(F)F)C(F)(F)F)CCC5C3(C=CC(=O)N5)C
123812,CID000153941,entecavir,277.2792,C=C1C(CC(C1CO)O)N2C=NC3=C2NC(=NC3=O)N
128725,CID000160051,colesevelam,618.24888,CCCCCCCCCCNCC=C.C[N+](C)(C)CCCCCCNCC=C.C=CCN.C1C(O1)CCl.Cl.[Cl-]
131392,CID000163742,AC1Q6XB4,1508.26322,COC1C(C(C(C(O1)COS(=O)(=O)O)OC2C(C(C(C(O2)C(=O)O)OC3C(C(C(C(O3)COS(=O)(=O)O)OC4C(C(C(C(O4)C(=O)O)OC5C(C(C(C(O5)COS(=O)(=O)O)O)O)NS(=O)(=O)O)O)O)OS(=O)(=O)O)NS(=O)(=O)O)O)OS(=O)(=O)O)O)NS(=O)(=O)O
136271,CID000170361,varenicline,211.26242,C1C2CNCC1C3=CC4=NC=CN=C4C=C23
140461,CID000176168,LAMBDA,475.85292,C(=O)([O-])[O-].C(=O)([O-])[O-].C(=O)([O-])[O-].O.[La+3].[La+3]
141054,CID000176870,erlotinib,393.43572,COCCOC1=C(C=C2C(=C1)C(=NC=N2)NC3=CC=CC(=C3)C#C)OCCOC
158438,CID000197712,Letairis,378.42108,CC1=CC(=NC(=N1)OC(C(=O)O)C(C2=CC=CC=C2)(C3=CC=CC=C3)OC)C
169065,CID000213039,darunavir,547.66358,CC(C)CN(CC(C(CC1=CC=CC=C1)NC(=O)OC2COC3C2CCO3)O)S(=O)(=O)C4=CC=C(C=C4)N
171358,CID000216239,sorafenib,464.82495,CNC(=O)C1=NC=CC(=C1)OC2=CC=C(C=C2)NC(=O)NC3=CC(=C(C=C3)Cl)C(F)(F)F
171420,CID000216326,lenalidomide,259.26062,C1CC(=O)NC(=O)C1N2CC3=C(C2=O)C=CC=C3N
370381,CID000443871,AC1L9FD9,317.42258,CC(C)C1CCCC(C1)C(=O)NC(CC2=CC=CC=C2)C(=O)O
370448,CID000444013,gadoversetamide,661.76146,COCCNC(=O)CN(CCN(CCN(CC(=O)NCCOC)CC(=O)[O-])CC(=O)[O-])CC(=O)[O-].[Gd+3]
370460,CID000444033,ciclesonide,540.68756,CC(C)C(=O)OCC(=O)C12C(CC3C1(CC(C4C3CCC5=CC(=O)C=CC45C)O)C)OC(O2)C6CCCCC6
419671,CID000504578,AC1L9ZFX,597.65628,C1CC(C(C(C1N)O)OC2C(C(C(O2)CO)OC3C(C(C(C(O3)CN)O)O)N)O)OC4CC(C(C(C4N)O)O)CN
422978,CID000508230,C2-MPAcid,252.22008,CC1=C(C(=C(C2=C1COC2=O)O)CC(=O)O)OC
559591,CID000657298,propylthiouracil (PTU,170.2321,CCCC1=CC(=O)NC(=S)N1
568626,CID000667490,6-mercaptopurine,152.17706,C1=NC2=C(N1)C(=S)N=CN2
1172015,CID001349907,methimazole,114.16884,CN1C=CNC1=S
2358339,CID003002190,telithromycin,812.0037,CCC1C2(C(C(C(=O)C(CC(C(C(C(=O)C(C(=O)O1)C)C)OC3C(C(CC(O3)C)N(C)C)O)(C)OC)C)C)N(C(=O)O2)CCCCN4C=C(N=C4)C5=CN=CC=C5)C
2401446,CID003062316,dasatinib,488.00554,CC1=C(C(=CC=C1)Cl)NC(=O)C2=CN=C(S2)NC3=NC(=NC(=C3)N4CCN(CC4)CCO)C
2415853,CID003081884,glatiramer acetate,623.6505,CC(C(=O)O)N.CC(=O)O.C1=CC(=CC=C1CC(C(=O)O)N)O.C(CCN)CC(C(=O)O)N.C(CC(=O)O)C(C(=O)O)N
2418171,CID003085017,sevelamer,149.61858,C=CCN.C1C(O1)CCl
2778553,CID003468412,AC1MRHRO,926.0949,CC1C=CC=CCCC=CC=CC=CC=CC(CC(C(C(CC(=O)CC(C(CCC(CC(CC(CC(=O)OC(C(C1O)C)C)O)O)O)O)O)O)C(=O)O)O)OC2C(C(C(C(O2)C)O)N)O
3440918,CID004183806,8-iso Misoprostol,382.53412,CCCCC(C)(CC=CC1C(CC(=O)C1CCCCCCC(=O)OC)O)O
3709662,CID004475485,AC1NAE4O,483.553503,CC(C)C1=NC(=NC(=C1CCC(CC(CC(=O)O)O)O)C2=CC=C(C=C2)F)N(C)S(=O)(=O)C
3879088,CID004659568,5) Entacapone,305.286,CCN(CC)C(=O)C(=CC1=CC(=C(C(=C1)O)O)[N+](=O)[O-])C#N
4449859,CID005281007,dacarbazine (DTIC,182.1832,CN(C)NN=C1C(=NC=N1)C(=O)N
4450727,CID005282226,travoprost,500.54771,CC(C)OC(=O)CCCC=CCC1C(CC(C1C=CC(COC2=CC=CC(=C2)C(F)(F)F)O)O)O
4475507,CID005311027,bimatoprost,415.56558,CCNC(=O)CCCC=CCC1C(CC(C1C=CC(CCC2=CC=CC=C2)O)O)O
4475514,CID005311039,CID5311039,1077.31372,CCC(C)CC(C)CCCCCCCCC(=O)NC1CC(C(NC(=O)C2CCCN2C(=O)C(NC(=O)C(NC(=O)C3CC(CN3C(=O)C(NC1=O)C(C)O)O)C(C(C4=CC=C(C=C4)O)O)O)C(CCN)O)NCCN)O
4475523,CID005311048,dichloromethanediamine,114.96186,C(N)(N)(Cl)Cl
4475625,CID005311181,iloprost,360.48708,CC#CCC(C)C(C=CC1C(CC2C1CC(=CCCCC(=O)O)C2)O)O
4475725,CID005311297,AC1NSKDT,474.05672,CC(C)(C1=CC=CC=C1CCC(C2=CC=CC(=C2)C=CC3=NC4=C(C=CC(=C4)Cl)C=C3)S)O
4491006,CID005329102,sunitinib,398.473783,CCN(CC)CCNC(=O)C1=C(NC(=C1C)C=C2C3=C(C=CC(=C3)F)NC2=O)C
